measure	value
wer	0.8083229191411132
rouge1	0.6079977990874641
rouge2	0.26719469962553277
rougeL	0.38260469741905406
rougeLsum	0.3827838050293582
bleu	13.736656625824894
