book	1 - WER	rouge1	rouge2	rougeL	rougeLsum	sacreBLEU / 100
To Live	0.12	0.9108910891089109	0.6060606060606062	0.3564356435643565	0.3564356435643565	0.4376667520657667
The Song of Everlasting Sorrow	0.16	0.8118811881188118	0.24242424242424243	0.31683168316831684	0.31683168316831684	0.09624473689673398
Red Forest	0.02	0.19230769230769232	0.0392156862745098	0.1346153846153846	0.1346153846153846	0.026788118582717497