chunk	1 - WER	rouge1	rouge2	rougeL	rougeLsum	sacreBLEU / 100
No.3536	0.52	1.0	0.6666666666666666	0.7058823529411765	0.7058823529411765	0.63
No.1368	0.21999999999999997	0.8831168831168831	0.45333333333333337	0.5194805194805194	0.5194805194805194	0.5
No.5481	0.0	0.12244897959183672	0.0425531914893617	0.08163265306122448	0.08163265306122448	0.03