corpus_size	chunk_length	1 - WER	rouge1	rouge2	rougeL	rougeLsum	sacreBLEU / 100
12	100	0.07380939946518114	0.07471001527098381	0.020167466711132422	0.04890785762946494	0.04890785762946494	0.03894404711821624
12	50	0.05223980422337137	0.14446036033088502	0.04651297334746388	0.07855288340575801	0.07855288340575801	0.05762676204502419
12	500	0.05010124049619846	0.016243926863918696	0.002602759461307603	0.013511064139800714	0.013511064139800714	0.03588235294117647
60	100	0.10695670356776611	0.7690256947015731	0.2686063876814305	0.2927444707380746	0.2927444707380746	0.24899091627172193
60	50	0.1195306761578881	0.8340847927093168	0.32189214045977055	0.3635065152787561	0.3635065152787561	0.27478334371385355
60	500	0.10014363566786738	0.10656874728403111	0.01847096452080503	0.08026219641992985	0.08026219641992985	0.07179236912156166